,Generated Text,Actual Text
0,"""Seaside Shoreline,"" an x14"" acrylic on canvas from June SOLD!!!","A painting titled ""Seaside Shoreline"" measuring 14 inches in size, made with acrylic on canvas, was sold in June."
1,Our photography competition is open! Categories:.FREE to enter - T&amp;amp;amp;amp;amp;amp;amp;amp;amp;amp;amp;amp;amp;amp;amp;amp;amp;amp;amp;amp;amp;amp;amp;amp;amp;amp;amp;amp;amp;amp;amp;amp;amp;amp;amp;amp;amp;amp;amp;amp;amp;amp;amp;amp;amp;amp;amp;amp,nan
2,"traditional school was always way too long, we were board by the end of class, weeks was perfect, everyone should use it.","This tweet suggests that traditional schooling systems are too long and that having shorter weeks with more time off would be beneficial for students. It argues that this would allow students to have more time to reset and be ready to learn, resulting in"
3,You can find me outside WALL WALL.....,"Someone is outside Wall Wall, inviting people to join them."
4,Get a Spring Leaf hardbound binder notebook with cute summer-themed covers for as low as.,This tweet is suggesting that people create a fun travel journal by purchasing a Spring Leaf hardbound binder notebook with summer-themed covers for a low price of $2.
5,Umm yeah probably probably.,not gonna be able to make it to the party tonightThe person is not able to attend the party tonight.
6,"A summer morning in British Columbia, photograph - See all images or create your own on Web or PC:",This tweet is about a summer morning in British Columbia. It encourages people to view all the images related to the scene or create their own on the web or on a computer.
7,Temperature to rise in Odisha for the next days: IMD predicts a high of around 40°C in the next few days.,The India Meteorological Department (IMD) has forecast that temperatures in Odisha will rise over the next few days.
8,top places to explore without leaving the city - definitely worth logging in as it sets in and is on its way.,"As winter approaches, it is a great time to explore the top places in the city without having to leave. It is definitely worth taking advantage of this before the cold weather sets in."
9,"""Ive Gone Viral Thanks to My Crush"" is a beautiful movie with amazing art style and character designs. Highly recommend it!","This tweet is recommending the art style and character designs in the game ""I've Gone Viral Thanks to My Crush"", expressing that they are beautiful and highly recommend it."
10,Bezos's set on'space potential' as he discusses space potential.,"Jeff Bezos, the founder of Amazon, has expressed his belief that space exploration has the potential to be a great benefit to humanity. He has set up a space exploration company, Blue Origin, to pursue this goal."
11,Detox for flat belly +91 for Detox Plans.,This tweet is promoting a Detox Plan that promises a flat belly. The number 91 is provided for more information about the plan.
12,ARE YOU WEARING EASTER EARRINGS?,Miles From The Sea is asking if someone is wearing Easter-themed earrings.
13,a life without love is like a year without summer.,"This proverb suggests that life without love is not complete and is similar to a year without summer, which is a time of warmth, growth and joy."
14,a man tells us about his concerns and hopes for the future of artificial intelligence.,"The author expresses his worries about the potential misuse of artificial intelligence, but also his optimism that it can be used for positive change. He believes that with the right guidance, AI can be a powerful tool for good."
15,"a learning opportunity for all - from politics to commerce and public health, every sector is riding the wave of exponential change with -- into a sea of &amp; knowledge.","#8220;unknown unknowns&amp;#8221;This tweet suggests that all sectors, including politics, commerce, and public health, are experiencing rapid and unpredictable change, leading to a situation of uncertainty."
16,Chat-GPT can produce Chick-fil-A sauce tho.,"No, Chat-GPT cannot produce Chick-fil-A sauce."
17,"the service took my monthly sub payment and will not provide membership access. to compound the issue, they ignore messages.","This customer had their monthly subscription payment taken, but was not given access to their membership. Furthermore, the customer's messages were ignored, making for a terrible service experience."
18,"a writer told me to write a -min script about Washington County, Wis. Then uploaded that script into using a sample of my voice. The audio is a bit flat, but it's getting pretty close.","This person is using a computer program to generate a script about Washington County, Wisconsin, which they then uploaded into a program with a sample of their voice. The audio is not perfect, but it is close to what they wanted"
19,It's way more fun to say than it is to say.,to do:This tweet is suggesting that it is more enjoyable to say something than to actually do it.
20,it's crazy learning a new programming language and not needing to search through hundreds of stackoverflow comments for basic syntax questions.,This tweet expresses the surprise of the author at how easy it is to learn a new programming language without having to go through the trouble of searching through hundreds of comments on StackOverflow for basic syntax questions.
21,Best To Try In The United States.,"JapanThese tweets provide recommendations of places to visit in Japan, including Tokyo, Osaka, Kyoto, and Hiroshima. They suggest visiting the temples and shrines, trying the local cuisine, and experiencing the culture."
22,ChatGPT Stock Trading Makes You Money?,This tweet is asking if investing in ChatGPT stock will make someone money.
23,"If you need to do your job, you suck at your job.","The tweet implies that if someone has to do their job, they are not doing it well."
24,Don't be afraid of failure - it is your greatest teacher.,".Failure can be a difficult experience, but it can also be a great teacher. Don't be afraid to take risks and learn from your mistakes."
25,"Artificial Intelligence (AI) has the potential to become extremely powerful and autonomous, and if it is not developed and managed responsibly, it could pose a significant threat to humanity.","AI has the potential to become very powerful and independent, and if not handled carefully, it could be a danger to humanity."
26,over new employees stand ready to work for you. Here is what they'll do.,:This tweet is announcing that a company has hired a large number of new employees who are now ready to start work. The tweet also provides some information about the roles the new employees will be taking on.
27,Good news par kab hoga??????,People are asking when the good news will arrive.
28,Chalo Warangal - unemployment march under BJP to protest against leakage of TSPSC question papers.,"BJP activists in Warangal are holding a march to protest against the alleged leakage of question papers for the Telangana State Public Service Commission (TSPSC) exam, which has caused high levels of unemployment in the"
29,the registration link is not working since yesterday. It was a great news that registration link was to reopen.,"The National Transport Authority (NTA) has been asked to take action as the registration link has not been working since the day before. It was previously announced that the registration link would be reopened, which was seen as a positive development"
30,Cancel all Delhi University's upcoming fests because of rising COVID cases.,Delhi University has cancelled all of its upcoming festivals due to the increasing number of COVID-19 cases.
31,"a true self-made leader who emerged from the ground up, helping the people and putting the country first. Haters may hate him but your hate cannot change the truth.","This tweet is praising a leader who has come from humble beginnings and has worked hard to help the people and put the country first. Despite criticism from some, the truth is that this leader has been successful in governing the"
32,Prime Minister Narendra Modi announced in Mysuru that Indias tiger population is growing.,"that India's tiger population has grown from 1,400 in 2006 to 2,967 in 2019.PM Narendra Modi announced in Mysuru that India's tiger population has increased significantly, from 1,400 in 2006 to"
33,Prime Minister Meets and from the Prime Minister.,"the discussion, it is clear that the government is committed to providing relief to the peopleThe Prime Minister held a meeting to discuss how the government can provide relief to the people, showing their commitment to helping those in need."
34,Indian Prime Minister () took a scenic and adventurous trip to the in on Sunday as part of celebrations marking years of.,"On Sunday, Indian Prime Minister Narendra Modi took a scenic and adventurous trip to the Kedarnath temple in Uttarakhand as part of celebrations marking 150 years of the temple's establishment."
35,PM Narendra Modi will release tiger census data during an event in Mysuru and launch the International Big Cats Alliance (IBCA) during 'Amrit Kaal'.,"At an event in Mysuru, Prime Minister Narendra Modi released the tiger census data and unveiled the government's vision for tiger conservation as part of 'Amrit Kaal'. He also launched"
36,Narendra Modi is the most adorable face of India. Too cute to ignore.,Narendra Modi is widely admired in India and is seen as an endearing figure.
37,"India's prime minister was particularly enamoured of Trump, writes.","Donald Trump has been arrested and charged for his actions, marking a day of justice for a man who has been used to having his own way for most of his life. Indian Prime Minister Narendra Modi was particularly fond of Trump."
38,BIGGEST TECH PROGRAM FOR START UPS.,"IN EUROPEEurope has launched a new program to support start-ups in the tech industry, providing them with access to funding, mentorship, and other resources. This is the largest program of its kind in Europe and is expected to"
39,the new integrated terminal building of Chennai airport phase one is to be inaugurated by Honorable Prime Minister Shri.Narendra modi ji tomorrow.,"Tomorrow, Prime Minister Narendra Modi will inaugurate the first phase of the new integrated terminal building at Chennai Airport."
40,dear Ji Flipkart customer care not helping me with my prb from last month I request you plz take a action against them now they given me time of April to take action.,The customer is complaining that Flipkart customer care has not been helping them with their problem for the past month and is requesting that action be taken against them. They have been given a deadline of April.
41,"China is also funding the BJP! Supriyaji,this is TREASON. MODI is SELLING INDIA to CHINA through ADANI.",The tweets are accusing Prime Minister Modi of treason by selling India to China through Adani. They are claiming that China is funding the Bharatiya Janata Party (BJP) and that Modi
42,the real agenda is why does the BJP have to lie about it. Why does Prime Minister have to produce such certificates to show he has an MA to his name?,; motive matters.This tweet is questioning why the Bharatiya Janata Party (BJP) and Prime Minister Narendra Modi have to lie about Modi's educational qualifications. It suggests that the focus should not
43,"history doesnt repeat itself but tends to rhyme. Thus, we can look back at past recessions and compare current conditions to those that prevailed at the onset of each US recession.","This tweet suggests that although history does not repeat itself, it often follows a similar pattern. We can look back at past recessions in the US and compare them to the current conditions to gain insight into what may happen in the future."
44,Fed Staff Projected a mild recession starting later in *All Fed Officials Backed Bps Rate Increase at March FOMC *Several Fed Officials stressed need for policy flexibility.,"The Federal Reserve staff projected that a mild recession will start later in the year, and all Federal Reserve officials backed a rate increase at the March Federal Open Market Committee meeting. Several Fed officials also stressed the need for policy flexibility."
45,those who actually voted for Biden really voted against themselves. There is not one policy that he's proposed that will make life better for anyone especially the % of Americans. Its disheartening that so many people choose economic oppression over opportunity.,"Many people who voted for Joe Biden are disappointed, as none of his proposed policies will improve their lives or the lives of other Americans. It is disheartening that so many people chose economic oppression over the chance for opportunity"
46,"""The tightening of the monetary policy will drag down on the economy,"" said the strategist.",A strategist has stated that the implementation of a tighter monetary policy will have a negative impact on the economy.
47,It's important to spread your investments across a variety of different assets.,"This tweet is encouraging people to diversify their investments during difficult economic times. It suggests that instead of relying on one asset, people should spread their investments across a variety of different assets in order to protect their wealth."
48,Imagine how different your week would be if you could save time by allowing us to handle your academic tasks. Check out our services even if you'll order in the future.,This tweet is suggesting that people can save time by using the services offered by the company. It encourages people to check out the services even if they don't plan to order anything in the near future.
49,"TSLA,RIVN,DM.V and MULN are some stocks that I am loading to position myself for long-term success and come out stronger on the other side.","It is important to focus on stocks of good quality when investing during uncertain times. Some stocks that could help with long-term success are Tesla, RiverNorth, Dundee, and Mullen Group. These are the stocks that the author is"
50,US signal sets off global rush into bonds.,"This tweet is referring to the US Federal Reserve's decision to cut interest rates, which has caused a surge in demand for bonds around the world. Investors are taking advantage of the low interest rates, leading to a rush into"
51,USD continues its path to Dec lows &gt;,nan
52,a shift from An American World Financial Dominion is beginning with countries ditching US and Petrodollars.,"This tweet is about how countries around the world are no longer relying on the US dollar and petrodollars as a form of currency, marking a shift away from American dominance in the world economy."
53,"history doesnt repeat itself but tends to rhyme. Thus, we can look back at past recessions and compare current conditions to those that prevailed at the onset of each US recession.","This tweet suggests that we can learn from past recessions in the US by looking back and comparing current conditions to those that existed at the beginning of each recession. It implies that history does not repeat itself exactly, but it often follows a"
54,RallyIDGAF! I Care About! Watch How Its Done live right now on!Click Here to watch Live: $coin $tsla $roku $meta $goog $roku.,"This tweet is promoting a live rally where viewers can watch how it is done. It mentions several companies, such as Coin, Tesla, Roku, Meta, Google and Roku, and provides a link to watch the rally"
55,One more sign of approaching.,"This tweet is suggesting that something is coming soon, indicating that it is a sign of its arrival."
56,MRT Is This Recession Fake?,This tweet is asking if the current recession is real or not.
57,... US edition of the World Economic Forum.,"of @TIME magazine has named @KamalaHarris as its 2020 Person of the YearTIME magazine has named Kamala Harris as its 2020 Person of the Year, recognizing her historic election as the first female Vice"
58,"Chet Kapoor, CEO of DataStax, shares things resilient organizations have in common. ""Some may see the tough times as obstacles, but I think of them as gifts.""","Chet Kapoor, the CEO of DataStax, has shared in Forbes that resilient organizations have certain commonalities. He believes that tough times should be seen as gifts rather than obstacles, as they can help organizations to become stronger and"
59,Entrepreneur shares these tips and more for staying recession-resistant. Read more at.,"Entrepreneur has shared tips on how to remain resilient during a recession, such as utilising remote work, managed services, and technology to do more with less. For more information, please read the article provided."
60,Trying?,ryingThis tweet suggests that the person is attempting to do something but is having difficulty.
61,a new article has been published. Join us if you want to maximize your venture capital.,read thisA new article has been published which provides advice on how to maximize venture capital. Join us to read it.
62,"With Central bank rates going up, Bank failures beginning, pressures intensifying and the Stock Market on a knife edge it is time to consider silver as an investment option.","investmentThe stock market is in a precarious position, with central bank rates increasing, bank failures occurring, and pressure intensifying. It is time to consider investing in silver as a way to protect your finances."
63,"a magnitude of 5.7 hit Ca, state of Miranda, Venezuela, killing at least people. It felt as far as Puerto Cabello, in the Caribbean coast.","On April 7th, a magnitude 5.7 earthquake struck the state of Miranda in Venezuela, killing at least one person. The earthquake was felt as far away as Puerto Cabello on the Caribbean coast."
64,M2.9 struck km SW of () min ago. More information can be found here.,An earthquake of magnitude 2.9 occurred approximately kilometres southwest of a location approximately minutes ago. More information is available.
65,M2.1 struck km N of () min ago. More information can be found here.,An earthquake with a magnitude of 2.1 struck approximately kilometers north of an unspecified location approximately minutes ago. More information is available.
66,"USGS reports a magnitude 0.77 earthquake, km NW of The Geysers, CA on December 23 at 58:49 UTC.","The United States Geological Survey (USGS) reported a magnitude 0.77 earthquake occurring northwest of The Geysers, California on December 23 at 58:49 UTC."
67,"a SWAT team arrives at a school in Sadiq Nagar, Delhi where an email regarding a bomb threat was received.",A SWAT team has been dispatched to a school in Delhi's Sadiq Nagar in response to an email containing a bomb threat.
68,"USGS reports: M2,3 Earthquake Island of Hawaii, Hawaii,Depth Km -04-11 at 12:04 HST.More info:","An earthquake with a magnitude of 2.3 occurred on the Island of Hawaii, Hawaii at a depth of 4 kilometers on April 11th at 12:04 HST. More information can be found from the USGS."
69,Earthquake detected near Fukushima Prefecture with an estimated magnitude () with an estimated Shindo Intensity of is occurring with a depth of km.,"An earthquake with an estimated magnitude and a Shindo Intensity of has been detected off the coast of Fukushima Prefecture, Japan, at a depth of km."
70,M on the Richter scale.,.An earthquake with a magnitude of M on the Richter scale has occurred.
71,"magnitude earthquake occurred at km WNW of Cobb, California. See the full report at:","An earthquake of magnitude 4.5 occurred approximately 11 km west-northwest of Cobb, California. For more information, please visit the full report at the provided link."
72,"magnitude earthquake occurred at km WNW of Ozernovskiy, Russia. See full report at:","A magnitude earthquake occurred approximately 100 kilometers west-northwest of Ozernovskiy, Russia. For more information, please visit the provided link."
73,M4.9 struck km NE of (New Zealand) min ago. More information can be found here.,"http://bit.ly/2yUxV6vAn earthquake of magnitude 4.9 occurred near New Zealand a few minutes ago. For more information, please visit the link provided."
74,"USGS reports a magnitude 1.91 earthquake, km ENE of View Park-Windsor Hills, CA on 11/23 at 51:17 UTC.","On November 23rd at 51:17 UTC, the USGS reported a magnitude 1.91 earthquake located east-northeast of View Park-Windsor Hills, California."
75,M3.0 struck km S of () min ago. More information can be found here.,"()An earthquake of magnitude 3.0 occurred approximately kilometers south of a certain location approximately minutes ago. For more information, please visit the provided link."
76,forecast models predict a + earthquake in the area between Los Angeles and San Francisco Bay between April to April. Strong earthquake signals persist in this region.,There is a high probability of a strong earthquake occurring in the region between Los Angeles and San Francisco Bay between April and April. This is according to forecast models and there are currently strong earthquake signals in the region.
77,"USGS reports a magnitude 1.5 earthquake, km SW of Big Lake, Alaska on /10/23 at 50:46 UTC.","On October 23rd, the United States Geological Survey reported a magnitude 1.5 earthquake located southwest of Big Lake, Alaska at 50:46 UTC."
78,M2.8 struck km SE of () min ago. More information can be found here.,An earthquake with a magnitude of 2.8 occurred approximately one kilometer southeast of an unspecified location approximately one minute ago. Further information is available.
79,Source:,1. #Election2020: Vota! Vota! Vota! 2. No te olvides de votar el 3 de novi
80,'Naatu Naatu' fever grips as and groove to the winning song Watch video.,"People are enthusiastically embracing the song 'Naatu Naatu', which has won awards. There is a video available to watch."
81,Randy Newman and Sarah McLachlan - When she loved me.,"Randy Newman and Sarah McLachlan collaborated on a song called ""When She Loved Me"", which is about a woman reflecting on a past relationship."
82,"Rita Moreno is still the only Latino to earn the coveted accolade, meaning she has won an award, a nomination and a Grammy.","Today we honour Rita Moreno for her incredible achievements in the entertainment industry. After starring in the film adaptation of West Side Story, Moreno became a superstar. She is the only Latino to have won all four major"
83,"this years sweep, a phantasmagoric tab of acid where everything swirled everywhere at once, headlined by Asian actors, was framed as a corrective against historic racial blind spot.","This tweet is referring to a film or television show that featured Asian actors as the main characters and was described as a ""phantasmagoric tab of acid"" because of its surreal and chaotic nature. It was"
84,Source:,"1. #LebanonProtests: ""We are here to stay until our demands are met""2. #LebanonProtests: ""We will not back down until we get what we deserve""The protesters in Lebanon are"
85,Source:,1. #TBT to the time I got to meet @selenagomez!2. Such an amazing experience!I had an amazing experience meeting Selena Gomez.
86,Source:,"1. #G20Summit: Leaders from the world's 20 largest economies are meeting in Osaka, Japan, to discuss global economic issues.2. #G20Summit: Discussions will focus on the global economy"
87,"a heartwarming couple, with the Award Bomman and Bellie, the couple at the centre of the winning documentary.","#Ratsasan, have been married for a decade now.Bomman and Bellie, the couple at the centre of the award-winning documentary #Ratsasan, have been happily married for"
88,Source:,1. #Cuba se prepara para recibir a los primeros turistas internacionales desde marzo2. El gobierno de Cuba ha anunciado que abrirá
89,"the Oscar winner is no doubt peppy but mediocre. West and what they like about India have been listening to songs version in loop, always skipping the winning one.","The person has been listening to different versions of a song in a loop, and they are skipping the version that won an award. They are wondering why the winning version is not as good as the other versions, and they are question"
90,"Lunana: A Yak In The Classroom is still in UK cinemas this month &amp; next, inc.","@genesiscinemasThis tweet is suggesting that people who are looking to increase their happiness should watch the movie 'Lunana: A Yak In The Classroom', which has been nominated for an award. The movie is"
91,Congratulations to Pinnochio for his efforts.,Congratulations to Pinnochio for their achievement!
92,"In to the of a number of countries, such as the United States and Canada, there are many factors that contribute to the growth of the economy.","the #newyear we will be bringing more #exciting #opportunitiesAs we enter the new year, we will be offering more exciting opportunities."
93,"Satish Kaushik is remembered on his birth anniversary as a phenomenal actor, whose legacy lives on in our hearts forever.","Satish Kaushik, a phenomenal actor, is remembered on his birth anniversary for the unforgettable roles he played. His legacy will remain in our hearts forever."
94,this shows that is in control of and.This is the reason why common people of wants to have more control over their own lives. This is the reason why common people of want to have more control over their own lives.,"be in control of their own destiny.This tweet suggests that people want to be in control of their own destiny, rather than relying on external forces. It implies that people want to have autonomy and power over their own lives."
95,"Song: Aao Milo chalenSinger: Shaan, Ustad Sultan KhanLyrics: Irshad KamilMusic: Pritam.","""Aao Milo Chale"" is a song sung by Shaan and Ustad Sultan Khan, with lyrics written by Irshad Kamil and music composed by Pritam."
96,UniBoss Products is a manufacturer of UniBoss products.,":Tweet 1:""Nuevo producto! Nuestra lnea de productos UniBoss ahora incluye una nueva lne"
97,Sushant Singh Rajputs Sister Priyanka after Prost*tute.,Angle Emerges In CaseSushant Singh Rajput's sister Priyanka has reacted after a possible connection to prostitution was suggested in her brother's death case.
98,"Viratkohli, a friend of Virat Kohli, has introduced himself as a new person.",Virat Kohli is being introduced as a friend. He is a professional cricketer from India and is considered one of the best batsmen in the world. He captains the Indian national team in all formats of the game.
99,Amitabh Bachchan's health is deteriorating and he wishes him a speedy recovery.,Amitabh Bachchan has been injured while shooting and his health has been deteriorating. We wish him a speedy recovery.
